accuracy,client,client_trust_score,client_score
26.116666666666667,0,0.5,0.5115452930728241
26.116666666666667,1,0.5,0.48845470692717585
55.708333333333336,0,0.5,0.5115452930728241
55.708333333333336,1,0.5,0.48845470692717585
42.94166666666667,0,0.5,0.5115452930728241
42.94166666666667,1,0.5,0.48845470692717585
27.8,0,0.5,0.5115452930728241
27.8,1,0.5,0.48845470692717585
21.775,0,0.5,0.5115452930728241
21.775,1,0.5,0.48845470692717585
