accuracy,client,client_trust_score,client_score
10.508333333333333,0,0.5,0.3552397868561279
10.508333333333333,1,0.5,0.6447602131438721
20.858333333333334,0,0.5,0.3552397868561279
20.858333333333334,1,0.5,0.6447602131438721
14.716666666666667,0,0.5,0.3552397868561279
14.716666666666667,1,0.5,0.6447602131438721
20.808333333333334,0,0.5,0.3552397868561279
20.808333333333334,1,0.5,0.6447602131438721
21.383333333333333,0,0.5,0.3552397868561279
21.383333333333333,1,0.5,0.6447602131438721
