accuracy,client,client_trust_score,client_score
13.15,0,0.5,0.5
13.15,1,0.5,0.5
13.341666666666667,0,0.5,0.5
13.341666666666667,1,0.5,0.5
12.691666666666666,0,0.5,0.5
12.691666666666666,1,0.5,0.5
15.391666666666667,0,0.5,0.5
15.391666666666667,1,0.5,0.5
20.716666666666665,0,0.5,0.5
20.716666666666665,1,0.5,0.5
