accuracy,client,client_trust_score,client_score
12.375,0,0.5,0.5062166962699822
12.375,1,0.5,0.4937833037300178
22.791666666666668,0,0.5,0.5062166962699822
22.791666666666668,1,0.5,0.4937833037300178
16.233333333333334,0,0.5,0.5062166962699822
16.233333333333334,1,0.5,0.4937833037300178
11.333333333333334,0,0.5,0.5062166962699822
11.333333333333334,1,0.5,0.4937833037300178
9.85,0,0.5,0.5062166962699822
9.85,1,0.5,0.4937833037300178
