accuracy,client,client_trust_score,client_score
93.20833333333333,0,0.5,0.5
93.20833333333333,1,0.5,0.5
98.30833333333334,0,0.5,0.5
98.30833333333334,1,0.5,0.5
98.675,0,0.5,0.5
98.675,1,0.5,0.5
98.83333333333333,0,0.5,0.5
98.83333333333333,1,0.5,0.5
98.94166666666666,0,0.5,0.5
98.94166666666666,1,0.5,0.5
