accuracy,client,client_trust_score,client_score
90.875,0,0.5,0.566607460035524
90.875,1,0.5,0.433392539964476
98.26666666666667,0,0.5,0.566607460035524
98.26666666666667,1,0.5,0.433392539964476
98.65833333333333,0,0.5,0.566607460035524
98.65833333333333,1,0.5,0.433392539964476
98.75,0,0.5,0.566607460035524
98.75,1,0.5,0.433392539964476
98.81666666666666,0,0.5,0.566607460035524
98.81666666666666,1,0.5,0.433392539964476
