accuracy,client,client_trust_score,client_score
92.175,0,0.5,0.43872113676731794
92.175,1,0.5,0.5612788632326821
98.04166666666667,0,0.5,0.43872113676731794
98.04166666666667,1,0.5,0.5612788632326821
98.58333333333333,0,0.5,0.43872113676731794
98.58333333333333,1,0.5,0.5612788632326821
98.73333333333333,0,0.5,0.43872113676731794
98.73333333333333,1,0.5,0.5612788632326821
98.80833333333334,0,0.5,0.43872113676731794
98.80833333333334,1,0.5,0.5612788632326821
