accuracy,client,client_trust_score,client_score
60.96666666666667,0,0.5,0.5
60.96666666666667,1,0.5,0.5
89.71666666666667,0,0.5,0.5
89.71666666666667,1,0.5,0.5
85.125,0,0.5,0.5
85.125,1,0.5,0.5
82.55,0,0.5,0.5
82.55,1,0.5,0.5
80.64166666666667,0,0.5,0.5
80.64166666666667,1,0.5,0.5
