accuracy,client,client_trust_score,client_score
57.025,0,0.5,0.44404973357015987
57.025,1,0.5,0.5559502664298401
83.34166666666667,0,0.5,0.44404973357015987
83.34166666666667,1,0.5,0.5559502664298401
86.13333333333334,0,0.5,0.44404973357015987
86.13333333333334,1,0.5,0.5559502664298401
86.10833333333333,0,0.5,0.44404973357015987
86.10833333333333,1,0.5,0.5559502664298401
84.34166666666667,0,0.5,0.44404973357015987
84.34166666666667,1,0.5,0.5559502664298401
