accuracy,client,client_trust_score,client_score
92.975,0,0.5,0.5
92.975,1,0.5,0.5
98.2,0,0.5,0.5
98.2,1,0.5,0.5
98.76666666666667,0,0.5,0.5
98.76666666666667,1,0.5,0.5
98.83333333333333,0,0.5,0.5
98.83333333333333,1,0.5,0.5
98.95833333333333,0,0.5,0.5
98.95833333333333,1,0.5,0.5
