accuracy,client,client_trust_score,client_score
8.275,0,0.5,0.5301418439716312
8.275,1,0.5,0.4698581560283688
30.891666666666666,0,0.5,0.5301418439716312
30.891666666666666,1,0.5,0.4698581560283688
12.7,0,0.5,0.5301418439716312
12.7,1,0.5,0.4698581560283688
9.858333333333333,0,0.5,0.5301418439716312
9.858333333333333,1,0.5,0.4698581560283688
9.808333333333334,0,0.5,0.5301418439716312
9.808333333333334,1,0.5,0.4698581560283688
