accuracy,client,client_trust_score,client_score
11.433333333333334,0,0.5,0.38652482269503546
11.433333333333334,1,0.5,0.6134751773049646
10.625,0,0.5,0.38652482269503546
10.625,1,0.5,0.6134751773049646
10.875,0,0.5,0.38652482269503546
10.875,1,0.5,0.6134751773049646
13.741666666666667,0,0.5,0.38652482269503546
13.741666666666667,1,0.5,0.6134751773049646
14.25,0,0.5,0.38652482269503546
14.25,1,0.5,0.6134751773049646
