accuracy,client,client_trust_score,client_score
95.80833333333334,0,1.0,1.0
98.70833333333333,0,1.0,1.0
98.93333333333334,0,1.0,1.0
99.05,0,1.0,1.0
99.0,0,1.0,1.0
