accuracy,client,client_trust_score,client_score
91.44166666666666,0,0.5,0.5354609929078015
91.44166666666666,1,0.5,0.4645390070921986
98.175,0,0.5,0.5354609929078015
98.175,1,0.5,0.4645390070921986
98.56666666666666,0,0.5,0.5354609929078015
98.56666666666666,1,0.5,0.4645390070921986
98.75,0,0.5,0.5354609929078015
98.75,1,0.5,0.4645390070921986
98.875,0,0.5,0.5354609929078015
98.875,1,0.5,0.4645390070921986
