accuracy,client,client_trust_score,client_score
89.15,0,0.5,0.522202486678508
89.15,1,0.5,0.477797513321492
97.85833333333333,0,0.5,0.522202486678508
97.85833333333333,1,0.5,0.477797513321492
98.44166666666666,0,0.5,0.522202486678508
98.44166666666666,1,0.5,0.477797513321492
98.64166666666667,0,0.5,0.522202486678508
98.64166666666667,1,0.5,0.477797513321492
98.74166666666666,0,0.5,0.522202486678508
98.74166666666666,1,0.5,0.477797513321492
