accuracy,client,client_trust_score,client_score
87.48333333333333,0,0.5,0.5257548845470693
87.48333333333333,1,0.5,0.47424511545293074
97.99166666666666,0,0.5,0.5257548845470693
97.99166666666666,1,0.5,0.47424511545293074
98.68333333333334,0,0.5,0.5257548845470693
98.68333333333334,1,0.5,0.47424511545293074
98.84166666666667,0,0.5,0.5257548845470693
98.84166666666667,1,0.5,0.47424511545293074
98.9,0,0.5,0.5257548845470693
98.9,1,0.5,0.47424511545293074
