accuracy,client,client_trust_score,client_score
93.65833333333333,0,0.5,0.5
93.65833333333333,1,0.5,0.5
98.33333333333333,0,0.5,0.5
98.33333333333333,1,0.5,0.5
98.69166666666666,0,0.5,0.5
98.69166666666666,1,0.5,0.5
98.88333333333334,0,0.5,0.5
98.88333333333334,1,0.5,0.5
98.975,0,0.5,0.5
98.975,1,0.5,0.5
